,City,Lat,Lng,Max Temp,Humidity,Cloudiness,Wind Speed,Date
0,Kununurra,-15.7667,128.7333,77.0,100,100,3.44,1611432606
1,Punta Arenas,-53.15,-70.9167,59.0,47,0,29.93,1611432607
2,Busselton,-33.65,115.3333,61.0,88,38,4.47,1611432311
3,Antofagasta,-23.65,-70.4,73.99,73,0,13.8,1611432363
4,Chara,56.9064,118.2631,-25.17,81,44,0.13,1611432361
5,Kenai,60.5544,-151.2583,36.0,75,90,21.85,1611432607
6,Bilma,18.6853,12.9164,61.65,26,0,6.73,1611432607
7,São Filipe,14.8961,-24.4956,74.07,68,28,7.09,1611432607
8,Tshikapa,-6.4167,20.8,72.54,90,100,2.66,1611432607
9,New Norfolk,-42.7826,147.0587,57.0,75,5,2.53,1611432607
10,Cidreira,-30.1811,-50.2056,78.8,76,0,15.26,1611432607
11,Vidim,56.4088,103.1106,-7.65,90,100,2.48,1611432608
12,Hermanus,-34.4187,19.2345,62.01,95,99,3.0,1611432608
13,Straumen,63.8709,11.2999,32.0,93,75,5.44,1611432608
14,Saint-Joseph,-21.3667,55.6167,80.6,74,0,5.75,1611432608
15,Hobart,-42.8794,147.3294,57.0,94,40,5.75,1611432479
16,Nizwá,22.9333,57.5333,55.53,58,0,2.21,1611432375
17,Vaini,-21.2,-175.2,78.8,94,75,4.61,1611432311
18,Dikson,73.5069,80.5464,-16.96,90,95,6.08,1611432608
19,Airai,-8.9266,125.4092,61.86,100,93,1.86,1611432609
20,Ushuaia,-54.8,-68.3,60.8,41,75,10.58,1611432239
21,Ojinaga,29.5667,-104.4167,66.2,42,1,6.53,1611432609
22,Tazovsky,67.4667,78.7,-42.14,77,0,3.47,1611432609
23,Souillac,-20.5167,57.5167,78.8,83,40,5.75,1611432609
24,Qaanaaq,77.484,-69.3632,17.85,79,100,3.67,1611432609
25,Severo-Kuril'sk,50.6789,156.125,22.26,95,88,34.27,1611432609
26,Dimbokro,6.6451,-4.7048,81.88,19,100,1.77,1611432609
27,Mataura,-46.1927,168.8643,54.0,86,100,7.0,1611432609
28,Grand Gaube,-20.0064,57.6608,79.0,77,0,1.99,1611432610
29,Fare,-16.7,-151.0167,80.92,71,0,13.22,1611432610
30,Batemans Bay,-35.7167,150.1833,66.99,95,10,1.01,1611432610
31,Aklavik,68.2191,-135.0107,-0.4,85,75,8.05,1611432610
32,Ixtapa,20.7,-105.2,75.2,73,1,10.36,1611432333
33,Omboué,-1.5746,9.2618,78.03,83,100,3.53,1611432610
34,Uray,60.1247,64.7758,-35.52,83,0,2.53,1611432610
35,Seymchan,62.8833,152.4333,-29.42,83,100,2.48,1611432610
36,Atuona,-9.8,-139.0333,78.12,79,2,18.39,1611432610
37,Jamestown,42.097,-79.2353,21.99,73,90,16.11,1611432611
38,Iqaluit,63.7506,-68.5145,14.0,85,20,8.05,1611432347
39,Cabo San Lucas,22.8909,-109.9124,73.4,56,40,11.5,1611432352
40,Ilulissat,69.2167,-51.1,19.4,38,20,6.91,1611432611
41,Aykhal,66.0,111.5,-38.4,79,55,3.44,1611432611
42,Albany,42.6001,-73.9662,24.01,44,3,7.0,1611432611
43,Hithadhoo,-0.6,73.0833,82.18,69,100,5.1,1611432314
44,Padang,-0.9492,100.3543,75.2,88,75,1.14,1611432611
45,Butaritari,3.0707,172.7902,79.68,80,94,11.59,1611432611
46,Dukat,62.55,155.55,-34.94,81,100,3.98,1611432371
47,Umm Kaddadah,13.6017,26.6876,68.2,24,43,13.2,1611432611
48,Yellowknife,62.456,-114.3525,-20.0,69,20,5.75,1611432589
49,Krasnoarmeysk,51.0239,45.6969,34.0,95,100,4.0,1611432612
50,Bariloche,-41.1456,-71.3082,90.0,18,0,19.57,1611432612
51,Rikitea,-23.1203,-134.9692,78.84,67,0,10.31,1611432612
52,Lethem,3.3803,-59.7968,90.43,47,24,13.18,1611432612
53,Norman Wells,65.282,-126.8329,-18.4,76,75,5.75,1611432612
54,Bluff,-46.6,168.3333,54.0,86,67,7.0,1611432612
55,Atar,20.5169,-13.0499,69.64,19,99,8.43,1611432612
56,Narsaq,60.9167,-46.05,26.6,33,1,23.02,1611432613
57,Saint Anthony,45.0205,-93.218,21.2,68,90,13.8,1611432497
58,Ahipara,-35.1667,173.1667,66.47,71,34,8.77,1611432324
59,Upernavik,72.7868,-56.1549,21.18,79,100,5.5,1611432322
60,Bilibino,68.0546,166.4372,-24.88,82,100,2.8,1611432613
61,Aksu,41.1231,80.2644,20.64,88,0,4.21,1611432375
62,Mahébourg,-20.4081,57.7,78.8,83,40,5.75,1611432613
63,Araouane,18.9048,-3.5265,68.41,17,0,10.02,1611432613
64,Ponta Delgada,37.7333,-25.6667,63.0,94,75,9.22,1611432613
65,Sitka,57.0531,-135.33,37.4,93,90,7.52,1611432613
66,Digora,43.1581,44.1569,30.2,93,0,4.47,1611432614
67,Barrow,71.2906,-156.7887,6.8,78,1,17.27,1611432614
68,Tuktoyaktuk,69.4541,-133.0374,-20.2,76,1,16.11,1611432614
69,Fort Nelson,58.8053,-122.7002,-0.4,78,90,5.75,1611432614
70,San Patricio,28.017,-97.5169,69.8,88,90,14.97,1611432614
71,Hilo,19.7297,-155.09,75.2,69,90,4.21,1611432439
72,Jacareacanga,-6.2222,-57.7528,85.12,78,59,2.8,1611432614
73,Kāvali,14.9167,79.9833,72.09,77,0,7.11,1611432614
74,Chokurdakh,70.6333,147.9167,-37.21,83,91,6.06,1611432335
75,Port Elizabeth,-33.918,25.5701,68.0,88,40,23.02,1611432615
76,Bonthe,7.5264,-12.505,78.96,79,1,10.18,1611432615
77,Cape Town,-33.9258,18.4232,68.0,94,75,14.97,1611432432
78,Tiksi,71.6872,128.8694,-42.34,79,35,5.32,1611432615
79,Namie,37.4833,141.0,37.99,73,100,13.33,1611432380
80,Kampong Chhnang,12.1667,104.55,75.31,83,59,3.44,1611432615
81,Hasaki,35.7333,140.8333,39.2,100,75,17.27,1611432557
82,Port Hedland,-20.3167,118.5667,82.4,65,5,12.66,1611432486
83,Chauk,20.8833,94.8167,62.22,53,0,1.9,1611432616
84,Tasiilaq,65.6145,-37.6368,14.0,57,12,4.61,1611432616
85,Aitape,-3.1374,142.3475,78.48,80,91,3.96,1611432616
86,Tūkrah,32.5341,20.5791,55.71,47,0,17.25,1611432616
87,Ponta do Sol,32.6667,-17.1,61.0,78,100,1.99,1611432616
88,Tilichiki,60.4667,166.1,-10.93,90,1,7.7,1611432616
89,Saint Paul Harbor,57.79,-152.4072,41.0,52,1,11.5,1611432617
90,Beringovskiy,63.05,179.3167,-9.63,88,1,2.95,1611432617
91,Kanchipuram,12.8333,79.7167,75.2,88,20,2.3,1611432617
92,Kapaa,22.0752,-159.319,72.0,94,90,20.71,1611432617
93,Constitución,-35.3333,-72.4167,67.19,70,14,7.11,1611432337
94,Lockport,41.5895,-88.0578,32.0,54,1,5.75,1611432617
95,Dickinson,29.4608,-95.0513,63.0,88,90,10.36,1611432617
96,Kalmunai,7.4167,81.8167,75.18,79,0,5.88,1611432617
97,Chui,-33.6971,-53.4616,79.65,67,1,12.71,1611432617
98,Nikolskoye,59.7035,30.7861,33.8,86,90,6.71,1611432317
99,Avarua,-21.2078,-159.775,84.2,65,46,8.05,1611432618
100,Chu,43.5983,73.7614,19.0,55,100,4.0,1611432618
101,Paamiut,61.994,-49.6678,21.54,81,0,6.87,1611432618
102,Cabedelo,-6.9811,-34.8339,82.4,69,75,16.11,1611432618
103,Morondava,-20.2833,44.2833,83.84,79,70,17.07,1611432374
104,Riachão das Neves,-11.7461,-44.91,88.95,38,30,4.81,1611432618
105,Mehamn,71.0357,27.8492,21.38,94,100,27.56,1611432618
106,Hambantota,6.1241,81.1185,75.2,100,0,8.05,1611432369
107,Hamilton,39.1834,-84.5333,33.8,40,1,4.61,1611432618
108,Saint-Philippe,-21.3585,55.7679,80.6,74,0,5.75,1611432619
109,Praia da Vitória,38.7333,-27.0667,62.6,88,75,21.41,1611432410
110,Leshukonskoye,64.8989,45.7622,1.42,93,100,11.86,1611432619
111,Thompson,55.7435,-97.8558,-11.2,77,75,10.36,1611432344
112,Umluj,25.0213,37.2685,71.91,45,0,10.63,1611432619
113,Fairbanks,64.8378,-147.7164,21.99,78,75,2.44,1611432513
114,Assiut,27.181,31.1837,53.6,62,0,6.78,1611432357
115,Rocha,-34.4833,-54.3333,86.7,49,3,15.12,1611432620
116,Tomari,47.7658,142.0683,27.0,93,80,20.49,1611432620
117,Ancud,-41.8697,-73.8203,66.2,63,0,9.22,1611432620
118,Poum,-20.2333,164.0167,79.5,78,100,11.34,1611432620
119,Inuvik,68.3499,-133.7218,-11.2,77,29,8.05,1611432620
120,Yar-Sale,66.8333,70.8333,-40.0,81,16,2.98,1611432620
121,Vostok,46.4856,135.8833,3.43,87,0,5.32,1611432620
122,Mabaruma,8.2,-59.7833,81.86,68,87,7.7,1611432620
123,Kashgar,39.4547,75.9797,30.2,31,0,6.71,1611432620
124,Ondangwa,-17.9167,15.95,78.8,57,100,2.3,1611432620
125,Aktash,50.3,87.7333,-11.65,85,100,2.39,1611432621
126,East London,-33.0153,27.9116,75.87,77,63,23.4,1611432621
127,Tura,25.5198,90.2201,57.0,65,100,2.06,1611432621
128,Geraldton,-28.7667,114.6,71.6,68,75,10.36,1611432621
129,Honiara,-9.4333,159.95,77.13,75,100,0.6,1611432621
130,Guadix,37.2993,-3.1392,50.0,87,58,17.0,1611432621
131,Darapidap,17.2131,120.4114,75.72,79,87,5.03,1611432621
132,Vila Velha,-20.3297,-40.2925,82.4,74,20,10.36,1611432622
133,Saint George,37.1041,-113.5841,50.0,43,20,5.75,1611432439
134,Sochi,43.6,39.7303,39.2,75,9,11.18,1611432622
135,Charagua,-19.8,-63.2167,89.6,43,75,6.89,1611432622
136,Sāvantvādi,15.9,73.8167,77.0,94,0,2.3,1611432622
137,Yenagoa,4.9247,6.2642,79.34,77,100,6.46,1611432622
138,São João da Barra,-21.6403,-41.0511,84.2,54,20,16.11,1611432622
139,Tame,6.461,-71.73,89.56,40,100,9.6,1611432622
140,Itarema,-2.9248,-39.9167,82.44,70,94,14.2,1611432623
141,Bordighera,43.7806,7.6645,50.0,71,40,14.97,1611432623
142,Skibbereen,51.55,-9.2667,35.6,100,90,5.75,1611432623
143,Saskylakh,71.9167,114.0833,-30.62,82,84,5.93,1611432623
144,Meulaboh,4.1363,96.1285,75.94,89,67,3.53,1611432623
145,Kaitangata,-46.2817,169.8464,62.01,45,91,15.01,1611432623
146,Oliver,49.1831,-119.5524,30.2,55,0,4.61,1611432623
147,Cervo,43.6702,-7.4101,55.0,86,100,11.99,1611432623
148,Matadi,-5.8167,13.45,76.08,84,100,1.59,1611432623
149,Charter Township of Clinton,42.587,-82.9199,28.0,52,0,1.01,1611432623
150,Senador José Porfírio,-2.5908,-51.9542,88.52,55,10,4.94,1611432623
151,Karasburg,-28.0167,18.75,80.02,37,54,17.31,1611432624
152,Mindelo,16.8901,-24.9804,71.6,73,40,23.02,1611432624
153,Yizheng,24.6706,103.4296,42.76,97,1,5.7,1611432624
154,Palmer,42.1584,-72.3287,26.01,46,0,5.01,1611432364
155,Nueva Gerona,21.8833,-82.8,76.46,67,6,7.38,1611432624
156,Port Alfred,-33.5906,26.891,69.01,94,89,5.01,1611432624
157,Khatanga,71.9667,102.5,-27.29,84,100,11.39,1611432624
158,Bredasdorp,-34.5322,20.0403,64.4,88,100,17.27,1611432625
159,Acarí,-15.4311,-74.6158,82.29,48,1,12.1,1611432625
160,Yulara,-25.2406,130.9889,73.4,94,40,9.22,1611432625
161,Tuatapere,-46.1333,167.6833,54.0,86,99,7.0,1611432625
162,Lompoc,34.6391,-120.4579,51.8,81,90,5.75,1611432625
163,Okhotsk,59.3833,143.3,-13.2,82,100,9.17,1611432625
164,Puerto Ayora,-0.7393,-90.3518,84.2,65,40,13.8,1611432625
165,Mar del Plata,-38.0023,-57.5575,82.4,69,0,16.11,1611432625
166,Illapel,-31.6308,-71.1653,84.97,36,0,9.73,1611432617
167,Westport,41.1415,-73.3579,33.8,23,1,21.85,1611432625
168,Coyhaique,-45.5752,-72.0662,68.0,22,0,11.5,1611432626
169,San Cristobal,7.7669,-72.225,86.0,54,40,11.5,1611432626
170,Laiwu,36.1928,117.6569,34.02,76,100,2.21,1611432626
171,Provideniya,64.3833,-173.3,6.33,83,39,4.05,1611432626
172,Puerto Rondón,6.2805,-71.1,91.53,42,100,9.95,1611432626
173,Ostrovnoy,68.0531,39.5131,4.71,93,100,18.14,1611432626
174,Emporia,38.4039,-96.1817,41.0,45,90,13.8,1611432459
175,Macia,-25.0269,33.0989,78.46,82,100,8.63,1611432626
176,Broken Hill,-31.95,141.4333,86.0,17,100,10.36,1611432627
177,Cranbrook,49.4999,-115.7688,8.6,85,75,2.3,1611432399
178,Carnarvon,-24.8667,113.6333,73.4,64,75,13.8,1611432627
179,Clyde River,70.4692,-68.5914,-7.6,84,75,8.05,1611432627
180,Rawson,-43.3002,-65.1023,68.9,56,0,21.61,1611432627
181,Yevlax,40.6089,47.1492,26.6,86,0,3.27,1611432627
182,Faanui,-16.4833,-151.75,81.23,70,5,14.32,1611432627
183,Marsala,37.7966,12.4352,60.01,71,40,18.41,1611432627
184,Saldanha,-33.0117,17.9442,68.0,77,97,13.8,1611432347
185,Kirakira,-10.4544,161.9205,80.91,74,100,6.17,1611432627
186,Zhaotong,27.3167,103.7167,38.84,89,16,2.24,1611432628
187,Topolobampo,25.6,-109.05,64.4,72,90,7.63,1611432628
188,Notsé,6.95,1.1667,82.33,49,65,7.52,1611432628
189,Mapastepec,15.4333,-92.9,88.86,48,65,8.66,1611432628
190,Plettenberg Bay,-34.0527,23.3716,69.1,73,50,9.33,1611432628
191,Grand-Santi,4.25,-54.3833,79.2,91,57,4.29,1611432628
192,Three Hills,51.7001,-113.2686,10.4,79,100,9.22,1611432628
193,Cherskiy,68.75,161.3,-23.69,86,100,4.56,1611432628
194,Hurghada,27.2574,33.8129,60.8,51,0,5.75,1611432628
195,Guiratinga,-16.3494,-53.7583,87.6,55,85,2.51,1611432629
196,Owen Sound,44.5672,-80.9435,19.99,57,20,2.3,1611432629
197,Shenjiamen,29.9576,122.298,43.18,86,1,15.75,1611432629
198,Longyearbyen,78.2186,15.6401,8.6,72,0,11.5,1611432629
199,Emerald,-23.5333,148.1667,69.8,83,0,5.75,1611432629
200,Uslar,51.6569,9.635,41.0,86,94,2.95,1611432629
201,Innisfail,-17.5333,146.0333,73.2,87,12,4.0,1611432629
202,Mount Isa,-20.7333,139.5,75.2,78,100,4.18,1611432629
203,Chifeng,42.2683,118.9636,19.11,86,99,3.29,1611432629
204,Esperance,-33.8667,121.9,62.6,94,90,6.91,1611432629
205,Deer Lake,49.1667,-57.4316,26.6,74,90,19.57,1611432630
206,Castro,-24.7911,-50.0119,71.19,85,100,2.48,1611432630
207,Hay River,60.8156,-115.7999,-16.6,76,25,3.44,1611432630
208,Qaqortoq,60.7167,-46.0333,26.6,33,1,23.02,1611432630
209,Nemuro,43.3236,145.575,19.36,91,0,3.85,1611432630
210,Bambous Virieux,-20.3428,57.7575,79.0,83,40,2.3,1611432630
211,Alofi,-19.0595,-169.9187,84.2,74,75,5.75,1611432630
212,Nieuw Amsterdam,5.8833,-55.0833,84.2,70,40,13.8,1611432631
213,Departamento de Maldonado,-34.6667,-54.9167,89.6,55,20,11.5,1611432631
214,Hegang,47.4,130.3667,2.61,90,64,1.79,1611432631
215,Sorong,-0.8833,131.25,79.5,81,73,2.62,1611432631
216,Harper,4.375,-7.7169,78.55,84,2,7.78,1611432631
217,Cottonwood,34.7392,-112.0099,53.01,57,100,1.99,1611432631
218,Port Blair,11.6667,92.75,76.14,67,85,7.31,1611432631
219,Ramnagar,29.4,79.1167,54.52,50,0,5.48,1611432631
220,Cañon City,38.441,-105.2424,55.4,28,1,24.16,1611432366
221,Forbes,-33.3833,148.0167,77.0,48,37,1.01,1611432632
222,Cap Malheureux,-19.9842,57.6142,79.0,77,0,1.99,1611432632
223,Bengkulu,-3.8004,102.2655,76.71,82,92,4.47,1611432632
224,Don Luan,11.5333,106.9167,70.29,94,51,1.36,1611432632
225,Berlevåg,70.8578,29.0864,22.75,95,100,30.24,1611432333
226,Margate,51.3813,1.3862,37.99,71,0,5.99,1611432521
227,Fortuna,40.5982,-124.1573,51.01,71,1,9.22,1611432632
228,Kawalu,-7.3817,108.2082,73.44,89,100,0.69,1611432632
229,Port-Cartier,50.0334,-66.8654,21.99,73,100,10.36,1611432632
230,Anadyr,64.75,177.4833,-13.0,77,0,13.42,1611432632
231,Lebu,-37.6167,-73.65,65.3,76,10,17.78,1611432606
232,Smithers,54.7804,-127.1743,6.8,85,75,4.61,1611432633
233,Hofn,64.2539,-15.2082,34.36,83,100,29.19,1611432633
234,Torbay,47.6666,-52.7314,25.0,93,90,20.71,1611432633
235,Cascais,38.6979,-9.4215,59.0,100,100,21.03,1611432633
236,Rokupr,8.6717,-12.395,80.02,41,38,6.51,1611432633
237,Mount Vernon,40.9126,-73.8371,32.0,31,1,14.97,1611432633
238,Horodnytsya,50.807,27.3168,35.78,87,99,7.81,1611432633
239,Ihosy,-22.4,46.1167,70.72,89,100,4.18,1611432633
240,Guerrero Negro,27.9769,-114.0611,63.91,54,94,8.46,1611432351
241,Papar,5.7333,115.9333,77.0,88,20,4.61,1611432633
242,Rexburg,43.826,-111.7897,32.0,55,1,1.61,1611432634
243,Nadym,65.5333,72.5167,-44.0,81,35,3.69,1611432634
244,Karratha,-20.7377,116.8463,83.35,48,0,14.83,1611432634
245,Gizo Government Station,-8.103,156.8419,80.94,73,100,6.87,1611432634
246,Rome,43.2128,-75.4557,19.99,67,75,18.41,1611432364
247,Richards Bay,-28.783,32.0377,80.33,77,0,13.09,1611432634
248,Maple Creek,49.9168,-109.4848,14.0,67,98,5.75,1611432634
249,Alekseyevsk,57.8406,108.3492,-19.46,85,100,1.03,1611432634
250,Huanren,41.2647,125.3667,22.73,95,0,0.94,1611432634
251,Flinders,-34.5833,150.8552,71.01,90,0,1.01,1611432635
252,Touros,-5.1989,-35.4608,82.4,65,40,13.8,1611432384
253,Chapais,49.7834,-74.8492,6.8,72,40,11.5,1611432635
254,Half Moon Bay,37.4636,-122.4286,54.0,66,20,13.8,1611432541
255,Marsh Harbour,26.5412,-77.0636,74.16,70,6,9.62,1611432635
256,San Quintín,30.4833,-115.95,59.16,59,83,10.29,1611432635
257,Lorengau,-2.0226,147.2712,80.29,73,88,3.98,1611432372
258,Wau,7.7029,27.9953,76.6,28,3,4.09,1611432610
259,Northam,51.0333,-4.2167,35.01,80,0,1.99,1611432635
260,Djambala,-2.5447,14.7533,69.49,93,100,3.27,1611432635
261,Henties Bay,-22.116,14.2845,71.01,86,100,2.51,1611432351
262,Kamenka,51.3223,42.7678,33.3,96,100,9.4,1611432636
263,Nanortalik,60.1432,-45.2371,23.45,88,0,7.29,1611432636
264,Gemona,46.2794,13.1431,39.99,94,100,7.34,1611432636
265,Tromsø,69.6496,18.957,19.4,63,75,4.61,1611432611
266,Dubrovnik,42.6481,18.0922,51.8,71,75,12.66,1611432636
267,Kameshkovo,56.3481,41.0047,33.4,97,100,7.14,1611432636
268,Itoman,26.1247,127.6694,68.0,77,75,19.57,1611432636
269,Roald,62.5833,6.1333,37.4,87,75,12.66,1611432636
270,Äänekoski,62.6946,25.818,34.0,93,75,6.91,1611432636
271,Korla,41.7597,86.1469,26.55,89,100,5.46,1611432372
272,Pisco,-13.7,-76.2167,80.6,57,0,11.5,1611432611
273,Sisimiut,66.9395,-53.6735,17.58,81,9,7.74,1611432637
274,Husavik,66.0449,-17.3389,30.2,93,90,20.71,1611432637
275,Laguna,38.421,-121.4238,53.01,81,20,9.22,1611432637
276,Patiāla,30.3267,76.4003,49.3,75,0,2.91,1611432637
277,Mayo,38.8876,-76.5119,35.01,40,1,13.8,1611432637
278,Namatanai,-3.6667,152.4333,79.48,77,90,4.65,1611432637
279,Sampit,-2.5333,112.95,74.03,92,81,0.56,1611432637
280,Saint-François,46.4154,3.9054,39.2,87,75,9.22,1611432638
281,Salalah,17.0151,54.0924,71.6,26,0,11.5,1611432638
282,Darovskoy,58.77,47.9564,11.39,96,100,8.08,1611432638
283,Yaan,7.3833,8.5667,81.25,16,89,4.92,1611432638
284,Camacupa,-12.0167,17.4833,63.77,95,99,7.07,1611432638
285,Bethel,41.3712,-73.414,28.99,26,1,16.11,1611432638
286,Bathsheba,13.2167,-59.5167,82.4,61,20,14.97,1611432638
287,Lavrentiya,65.5833,-171.0,-2.16,86,82,4.59,1611432638
288,Chunan,24.5277,110.548,54.05,72,1,1.66,1611432638
289,Abapó,-18.8333,-63.4667,84.79,49,40,8.59,1611432638
290,Sundargarh,22.1167,84.0333,57.47,37,0,3.67,1611432639
291,Dublin,37.7021,-121.9358,53.01,66,75,5.75,1611432450
292,George Town,5.4112,100.3354,78.01,94,20,1.99,1611432569
293,Elizabeth City,36.2946,-76.2511,43.0,39,10,3.0,1611432639
294,Zliten,32.4674,14.5687,59.38,70,0,11.01,1611432551
295,Jasper,37.2001,-94.3502,42.8,33,90,10.36,1611432639
296,Kruisfontein,-34.0033,24.7314,71.01,77,100,7.0,1611432639
297,Khatassy,61.9036,129.6383,-59.8,57,90,4.25,1611432639
298,Sergeevka,53.88,67.4158,-31.18,83,99,0.83,1611432639
299,Pevek,69.7008,170.3133,-11.06,90,100,9.73,1611432639
300,Coahuayana Viejo,18.7333,-103.6833,87.8,35,75,6.2,1611432388
301,Port Hawkesbury,45.6169,-61.3485,30.99,74,40,9.22,1611432640
302,Loíza,18.4313,-65.8802,82.4,65,40,14.97,1611432640
303,Puquio,-14.7,-74.1333,57.11,66,88,11.36,1611432640
304,Kerrville,30.0474,-99.1403,60.8,82,90,8.05,1611432405
305,Tongren,27.7172,109.1853,47.39,80,72,2.15,1611432640
306,Port Macquarie,-31.4333,152.9167,62.01,99,8,9.28,1611432526
307,Botwood,49.1499,-55.3482,28.0,75,18,9.69,1611432640
308,Ribeira Grande,38.5167,-28.7,62.6,94,75,17.27,1611432640
309,Ust-Tsilma,65.441,52.1498,-7.94,87,100,10.78,1611432641
310,Conil,44.9673,3.7177,29.39,99,100,7.16,1611432641
311,Ust-Kuyga,70.0167,135.6,-44.63,77,83,0.94,1611432641
312,Tsimmerbude,54.675,20.1347,39.2,93,40,8.95,1611432641
313,Ziyang,29.2497,117.8547,43.32,91,0,4.21,1611432641
314,Petropavlovsk-Kamchatskiy,53.0452,158.6483,-4.0,65,3,8.95,1611432641
315,Oranjemund,-28.55,16.4333,63.86,83,43,14.58,1611432344
316,Unity,52.4501,-109.1682,-13.79,88,0,4.92,1611432641
317,Sept-Îles,50.2001,-66.3821,21.99,73,100,10.36,1611432641
318,Caravelas,-17.7125,-39.2481,80.02,68,61,8.03,1611432348
319,Burnie,-41.0667,145.9167,57.0,74,1,7.0,1611432642
320,Kloulklubed,7.0419,134.2556,78.8,89,75,6.91,1611432642
321,Kurisove,46.9695,30.9591,44.6,100,40,13.42,1611432642
322,Djibouti,11.5,42.5,75.2,69,1,3.44,1611432642
323,Pemangkat,1.1667,108.9667,77.05,87,100,8.57,1611432642
324,Neiafu,-18.65,-173.9833,80.6,89,75,5.75,1611432642
325,Iskateley,67.6803,53.1512,-19.23,86,100,10.71,1611432642
326,Lüderitz,-26.6481,15.1594,72.37,48,100,27.47,1611432643
327,Honningsvåg,70.9821,25.9704,22.75,93,100,32.61,1611432643
328,Lata,40.1629,-8.3327,57.0,97,100,8.01,1611432643
329,Turaif,31.6725,38.6637,41.0,52,0,13.8,1611432643
330,Benjamin Constant,-4.3831,-70.0311,78.8,88,0,2.3,1611432643
331,‘Āhuimanu,21.4447,-157.8378,78.8,75,90,12.66,1611432643
332,Pochutla,15.7432,-96.4661,88.0,51,75,9.22,1611432643
333,Atherton,53.5237,-2.4935,32.0,82,3,4.85,1611432643
334,Makīnsk,52.6292,70.4169,-27.18,85,70,1.7,1611432644
335,Arlit,18.7369,7.3853,66.49,21,0,10.85,1611432644
336,Sarangani,5.4033,125.4636,80.8,73,100,3.0,1611432644
337,Caxito,-8.5785,13.6643,78.8,78,0,5.75,1611432644
338,Pilar,-9.5972,-35.9567,80.6,69,75,12.66,1611432644
339,Kumul,42.8,93.45,24.62,79,100,5.1,1611432644
340,Huilong,31.8111,121.655,44.01,79,13,1.99,1611432644
341,North Bend,43.4065,-124.2243,46.4,71,1,3.44,1611432644
342,Al Bardīyah,31.7561,25.0865,56.46,49,0,7.29,1611432644
343,Kaabong,3.4836,34.1492,69.85,61,38,16.06,1611432645
344,Sur,22.5667,59.5289,65.62,60,0,12.97,1611432645
345,Kahului,20.8947,-156.47,77.0,65,40,18.41,1611432642
346,Duma,34.7653,108.135,35.6,69,83,2.24,1611432645
347,Vardø,70.3705,31.1107,23.13,96,100,33.11,1611432645
348,Kadoma,34.7333,135.5833,45.0,98,100,8.3,1611432645
349,Ardmore,34.1743,-97.1436,50.0,76,90,10.36,1611432645
350,Punta Alta,-38.8759,-62.0736,97.02,22,0,7.52,1611432645
351,Maragogi,-9.0122,-35.2225,79.97,73,99,11.34,1611432646
352,Sabha,27.0377,14.4283,49.05,43,0,2.62,1611432646
353,Dingle,10.9995,122.6711,74.41,86,100,1.41,1611432647
354,Diego de Almagro,-26.3667,-70.05,84.74,19,1,15.3,1611432647
355,Tra Vinh,9.9347,106.3453,72.68,88,83,5.79,1611432647
356,Oranjestad,12.524,-70.027,84.2,70,20,21.85,1611432647
357,Dubbo,-32.25,148.6167,69.8,68,0,5.75,1611432582
358,Naryan-Mar,67.6713,53.087,-18.99,86,100,10.74,1611432647
359,Sibolga,1.7427,98.7792,77.22,76,88,2.95,1611432647
360,Kavieng,-2.5744,150.7967,81.09,78,100,6.02,1611432647
361,Avera,33.194,-82.5271,59.0,36,1,6.91,1611432648
362,Nouadhibou,20.931,-17.0347,69.8,68,2,9.22,1611432648
363,Olenegorsk,68.15,33.3,-3.57,89,98,4.34,1611432648
364,Altay,47.8667,88.1167,0.18,76,80,2.15,1611432648
365,Grindavik,63.8424,-22.4338,30.2,74,75,25.32,1611432648
366,Bonavista,48.6499,-53.1147,26.01,93,92,8.05,1611432648
367,Amahai,-3.3333,128.9167,82.0,86,100,3.96,1611432648
368,Gayny,60.3071,54.3241,-5.17,91,100,8.63,1611432648
369,Lazarev,52.225,141.5131,0.46,94,100,6.08,1611432649
370,Staraya Akkermanovka,51.2467,58.2391,-2.2,65,96,6.71,1611432649
371,Balakovo,52.0278,47.8007,33.6,99,100,7.83,1611432646
372,Fuxin,42.0156,121.6589,19.8,82,42,1.7,1611432649
373,Novokayakent,42.3937,47.9861,32.0,86,0,8.95,1611432649
374,Hagerstown,39.6418,-77.72,30.99,37,20,16.11,1611432649
375,Leningradskiy,69.3833,178.4167,-13.56,83,71,3.71,1611432649
376,Nsanje,-16.92,35.262,77.76,75,100,5.84,1611432649
377,Asahikawa,43.7678,142.3703,9.0,87,0,1.01,1611432649
378,Buraidah,26.326,43.975,53.6,32,40,6.91,1611432650
379,Mossamedes,-15.1961,12.1522,74.93,76,79,5.61,1611432648
380,Puri,19.8,85.85,71.6,94,90,2.3,1611432650
381,Kupang,-10.1667,123.5833,79.65,82,100,7.29,1611432650
382,Shebunino,46.4339,141.8603,27.41,92,100,17.22,1611432650
383,Adrian,41.8975,-84.0372,28.99,46,1,6.91,1611432650
384,Sindgi,16.9167,76.2333,74.89,41,0,11.05,1611432650
385,El Real de Santa Maria,8.109,-77.7325,82.26,85,100,3.56,1611432651
386,Arrondissement de Limoges,45.75,1.3333,39.0,87,75,3.44,1611432651
387,Shelburne,44.0787,-80.2041,17.6,79,90,8.05,1611432651
388,Caucaia,-3.7361,-38.6531,84.2,74,0,11.5,1611432651
389,Kidal,18.4411,1.4078,68.54,18,0,10.56,1611432651
390,Bandarbeyla,9.4942,50.8122,74.46,70,100,18.81,1611432651
391,Esna,25.2934,32.554,57.2,41,0,4.61,1611432651
392,Mbarara,-0.608,30.65,66.63,71,100,1.88,1611432651
393,Yangshan,28.7615,115.0287,40.98,90,1,1.61,1611432651
394,Safranbolu,41.2508,32.6942,32.43,91,100,2.91,1611432652
395,George Town,5.4112,100.3354,78.01,94,20,1.99,1611432569
396,Colwyn Bay,53.2948,-3.7267,34.0,94,1,5.01,1611432652
397,Shimoda,34.6667,138.95,37.0,95,100,5.99,1611432652
398,Ayan,56.45,138.1667,-17.48,76,0,11.68,1611432652
399,Arraial do Cabo,-22.9661,-42.0278,86.0,74,0,17.27,1611432649
400,Ukiah,39.1502,-123.2078,51.01,62,1,2.91,1611432652
401,City of San Pedro,14.35,121.0167,78.8,89,40,1.14,1611432652
402,Verkhnyaya Inta,65.9811,60.3094,-21.28,76,0,6.62,1611432652
403,Arona,28.0996,-16.681,66.2,72,20,9.22,1611432652
404,Nantucket,41.2835,-70.0995,30.99,47,75,18.41,1611432653
405,Mezen',65.8522,44.24,2.34,93,100,11.95,1611432653
406,Talnakh,69.4865,88.3972,-35.59,65,57,0.47,1611432653
407,Nome,64.5011,-165.4064,32.0,93,90,3.44,1611432653
408,Mountain Home,43.133,-115.6912,39.0,60,1,17.27,1611432653
409,Maumere,-8.6199,122.2111,80.2,78,87,5.3,1611432647
410,Korsør,55.3299,11.1386,37.0,93,100,3.0,1611432653
411,Zhigansk,66.7697,123.3711,-54.2,67,51,2.71,1611432653
412,Marystown,47.1666,-55.1483,28.94,91,3,22.01,1611432653
413,Flin Flon,54.7682,-101.865,-7.6,64,75,10.36,1611432653
414,Yeppoon,-23.1333,150.7333,71.6,78,75,6.91,1611432654
415,Tessalit,20.1986,1.0114,67.03,18,0,10.6,1611432654
416,Kabanjahe,3.1001,98.4908,77.0,100,40,3.44,1611432654
417,Kagoro,9.6,8.3833,68.0,30,92,8.05,1611432654
418,Contamana,-7.3333,-75.0167,78.93,88,96,0.29,1611432654
419,Kaeo,-35.1,173.7833,66.0,82,8,5.99,1611432654
420,Ol'ga,43.7444,135.2892,13.24,89,0,4.32,1611432654
421,Lircay,-12.9896,-74.7205,60.01,51,65,6.87,1611432654
422,Havre-St-Pierre,50.2334,-63.5986,23.0,93,90,17.27,1611432654
423,Basco,20.4487,121.9702,73.76,81,41,27.2,1611432655
424,Arrondissement de Saint-Denis,48.9167,2.3333,37.4,87,75,8.05,1611432655
425,Necochea,-38.5473,-58.7368,86.79,40,0,14.47,1611432655
426,Dawson Creek,55.7666,-120.2362,14.0,85,90,4.61,1611432655
427,Gaza,31.5,34.4667,53.01,61,0,2.3,1611432655
428,Port Lincoln,-34.7333,135.8667,75.45,45,100,4.54,1611432655
429,Katsuura,35.1333,140.3,39.2,93,75,24.16,1611432655
430,Thetford Mines,46.0913,-71.3013,12.2,67,100,6.91,1611432405
431,Markova,48.6758,24.4138,39.74,82,56,4.97,1611432655
432,Tautira,-17.7333,-149.15,86.0,66,20,4.61,1611432363
433,Conde,-7.2597,-34.9075,82.4,69,75,16.11,1611432656
434,Niquelândia,-14.4739,-48.4597,82.92,64,70,4.76,1611432656
435,Cadillac,44.2519,-85.4012,24.8,42,1,10.36,1611432551
436,Baghdad,33.3406,44.4009,39.2,56,0,5.26,1611432562
437,Rewāri,28.1833,76.6167,55.4,88,90,7.29,1611432656
438,Tianjin,39.1422,117.1767,21.2,86,0,2.24,1611432656
439,Mercedes,-34.6515,-59.4307,93.99,43,0,11.01,1611432656
440,Tutóia,-2.7619,-42.2744,84.2,74,75,13.8,1611432656
441,Kota Belud,6.351,116.4305,77.0,88,20,4.61,1611432656
442,Nizhniy Ingash,56.2,96.53,-0.26,93,96,4.23,1611432657
443,Xining,36.6167,101.7667,22.05,66,100,2.95,1611432657
444,Zarubino,42.63,131.0922,20.97,95,55,5.77,1611432657
445,Doha,25.2867,51.5333,62.6,67,0,9.22,1611432535
446,Alcântara,-2.4089,-44.4147,73.4,94,75,5.75,1611432657
447,Turan,16.0678,108.2208,68.0,88,75,1.14,1611432657
448,Rock Sound,24.9,-76.2,73.62,64,0,5.75,1611432657
449,Alice Springs,-23.7,133.8833,86.0,48,100,18.41,1611432657
450,Dongning,44.0622,131.1207,11.34,90,0,3.58,1611432657
451,Pangnirtung,66.1451,-65.7125,14.0,79,20,2.91,1611432652
452,Gijang,35.2442,129.2139,50.0,57,75,11.5,1611432658
453,Havelock,34.8791,-76.9013,51.01,32,1,14.97,1611432514
454,Horsham,51.064,-0.3272,34.0,93,0,1.14,1611432658
455,De Aar,-30.6497,24.0123,83.53,33,64,5.01,1611432658
456,Nagato,34.3833,131.2,48.2,87,75,10.36,1611432658
457,Gwadar,25.1216,62.3254,60.78,29,0,12.39,1611432658
458,Katangli,51.7102,143.2326,-2.63,87,100,4.61,1611432366
459,Vila,42.0304,-8.1588,48.99,95,91,15.32,1611432658
460,Colonia Carlos Antonio López,-26.4,-54.7667,87.6,50,89,4.12,1611432585
461,Xinzhi,36.4989,111.7047,39.76,63,100,3.04,1611432659
462,Lagoa,39.05,-27.9833,62.29,83,100,13.78,1611432363
463,Pedernales,18.0384,-71.744,81.97,57,0,5.93,1611432659
464,Yeniseysk,58.4497,92.1703,-4.54,91,100,4.25,1611432659
465,Örnsköldsvik,63.2909,18.7153,17.6,100,90,5.75,1611432659
466,Canavieiras,-15.675,-38.9472,82.4,74,90,3.44,1611432659
467,Natal,-5.795,-35.2094,84.2,61,40,20.71,1611432659
468,Ust'-Kut,56.7938,105.7672,-12.82,86,100,2.42,1611432659
469,Le Mars,42.7942,-96.1656,28.0,63,90,11.5,1611432659
470,Teahupoo,-17.8333,-149.2667,86.0,66,20,4.61,1611432660
471,Kamaishi,39.2667,141.8833,33.35,88,100,6.04,1611432660
472,Bayamo,20.3792,-76.6433,84.2,58,40,10.36,1611432660
473,Santa Paula,34.3542,-119.0593,57.2,62,90,3.44,1611432660
474,Daru,-9.0763,143.2092,76.41,92,100,8.77,1611432660
475,Gamboma,-1.8764,15.8644,76.01,80,99,3.94,1611432660
476,Rancho Palos Verdes,33.7445,-118.387,52.0,76,90,4.61,1611432660
477,Boa Vista,2.8197,-60.6733,82.4,65,75,5.75,1611432660
478,Baturaja,-4.1333,104.1667,73.09,96,97,2.44,1611432660
479,Arrondissement de Lannion,48.75,-3.4167,35.6,93,75,2.3,1611432660
480,Hazaribagh,23.9833,85.35,52.02,43,0,1.59,1611432661
481,San Fernando,15.0286,120.6898,75.2,94,75,2.3,1611432563
482,Arak,34.0917,49.6892,26.15,86,61,1.95,1611432661
483,Qūchān,37.106,58.5095,29.55,70,41,6.71,1611432661
484,Najrān,17.4924,44.1277,55.4,35,0,1.74,1611432661
485,Nanchong,30.7951,106.0847,52.84,73,100,3.09,1611432661
486,Guri-si,37.5986,127.1394,35.6,87,20,1.14,1611432661
487,Cockburn Town,21.4612,-71.1419,80.6,69,40,6.91,1611432574
488,Civitavecchia,42.0933,11.7967,46.99,75,0,7.0,1611432661
489,Kuito,-12.3833,16.9333,65.34,74,96,4.18,1611432662
490,Slave Lake,55.2834,-114.769,1.4,71,90,6.91,1611432662
491,Sumenep,-7.0167,113.8667,78.51,83,100,4.76,1611432662
492,Jardim,-21.4803,-56.1381,83.32,73,100,1.9,1611432626
493,Sambava,-14.2667,50.1667,77.7,87,50,6.11,1611432662
494,Inverell,-29.7833,151.1167,55.0,88,0,3.09,1611432662
495,Whitehorse,60.7161,-135.0538,5.0,85,90,5.75,1611432662
496,Zhuhai,22.2769,113.5678,64.4,94,49,3.44,1611432662
497,Nyimba,-14.5566,30.8149,70.38,86,100,4.9,1611432663
498,Kholodnyy,62.7167,147.95,-23.04,83,100,3.38,1611432663
499,Outlook,51.5001,-107.0513,-2.2,77,0,8.05,1611432663
500,Liverpool,53.4106,-2.9779,35.6,93,0,5.75,1611432576
501,Villamontes,-21.25,-63.5,91.72,36,70,5.66,1611432663
502,Rebrikha,53.0733,82.3408,3.81,94,100,8.32,1611432663
503,Stokmarknes,68.5646,14.9108,21.0,61,27,3.0,1611432663
504,Crixás,-14.5489,-49.9692,86.47,62,61,5.88,1611432663
505,Robertsport,6.7533,-11.3686,80.51,81,3,10.38,1611432663
506,Vagay,57.9375,69.0217,-38.25,81,7,2.95,1611432663
507,Yerbogachën,61.2767,108.0108,-52.01,75,68,1.54,1611432664
508,Laje,-10.1833,-40.9667,85.35,36,90,11.7,1611432664
509,Bălăşeşti,46.1,27.6667,41.81,88,100,13.27,1611432664
510,Los Llanos de Aridane,28.6585,-17.9182,66.2,77,75,5.75,1611432370
511,Karczew,52.0766,21.2496,42.01,87,0,5.75,1611432664
512,Reggio Calabria,38.1105,15.6613,57.0,54,11,10.36,1611432664
513,Salamanca,40.8333,-6.0,52.0,76,100,27.74,1611432637
514,Iranshahr,27.2025,60.6848,41.0,15,0,4.61,1611432664
515,Muros,42.7762,-9.0603,55.99,86,100,5.99,1611432665
516,Portland,45.5234,-122.6762,44.01,65,20,3.44,1611432304
517,Monrovia,6.3005,-10.7969,78.8,94,20,9.8,1611432665
518,Jijiga,9.35,42.8,58.37,56,2,2.37,1611432665
519,Sakaiminato,35.55,133.2333,48.2,71,75,17.27,1611432665
520,Tulum,20.2167,-87.4667,84.2,65,75,9.22,1611432665
521,Raymond,43.9015,-70.4703,21.99,55,41,5.01,1611432662
522,Hūn,29.1268,15.9477,59.86,32,0,6.96,1611432665
523,Maridi,4.9158,29.4742,75.83,46,3,3.85,1611432665
524,Quatre Cocos,-20.2078,57.7625,79.0,83,40,2.3,1611432665
525,Patti,31.2808,74.8572,50.0,93,0,5.88,1611432666
526,Ouésso,1.6136,16.0517,78.12,50,65,2.51,1611432666
527,Yangi Marg`ilon,40.4272,71.7189,26.6,50,79,4.61,1611432666
528,Zaraza,9.3503,-65.3245,89.46,47,97,7.25,1611432546
529,Zalţan,32.947,11.8665,57.16,69,0,5.57,1611432666
530,Buala,-8.145,159.5921,78.62,69,76,3.83,1611432666
531,Kiryat Gat,31.61,34.7642,53.01,46,0,1.5,1611432384
532,Sabang,5.8933,95.3214,81.0,72,94,10.0,1611432667
533,São Raimundo Nonato,-9.0153,-42.6994,85.78,42,93,5.61,1611432667
534,Noumea,-22.2763,166.4572,79.0,83,90,11.5,1611432668
535,St. George's,12.0564,-61.7485,84.2,65,20,13.8,1611432668
536,Songyuan,45.1171,124.8568,10.18,92,0,6.11,1611432668
537,Srednekolymsk,67.45,153.6833,-29.49,84,100,8.46,1611432668
538,Lavumisa,-27.31,31.892,82.4,74,71,1.14,1611432389
539,Iralaya,15.0,-83.2333,82.04,69,34,10.07,1611432668
540,Podgorodnyaya Pokrovka,51.8281,54.9874,10.4,85,90,11.18,1611432668
541,Cloppenburg,52.85,8.0333,37.99,88,100,4.09,1611432669
542,Boddam,57.4667,-1.7833,30.2,74,0,5.75,1611432669
543,Kishanganj,26.1167,87.9333,61.47,58,99,4.5,1611432669
544,Yazman,29.1212,71.7446,55.11,39,0,7.63,1611432669
545,Zarand,30.8127,56.564,33.98,71,0,1.81,1611432669
546,Denpasar,-8.65,115.2167,78.8,89,20,4.61,1611432669
547,Champerico,14.3,-91.9167,89.6,45,40,6.91,1611432669
548,Chabahar,25.2919,60.643,64.49,30,0,8.77,1611432669
549,Saint-Augustin,51.226,-58.6502,33.1,96,100,9.6,1611432669
550,Camopi,3.1655,-52.3158,77.09,94,100,4.23,1611432669
551,Ghanzi,-21.5667,21.7833,75.25,36,0,7.74,1611432670
552,Dunmore East,52.1514,-6.9861,39.99,75,0,8.05,1611432670
553,Mitzic,0.7821,11.549,70.84,92,100,4.38,1611432670
554,Koumac,-20.5667,164.2833,78.26,80,100,9.06,1611432670
555,Hong Kong,22.2855,114.1577,66.0,84,0,8.08,1611432669
556,Ushtobe,45.2514,77.9838,20.03,90,100,13.38,1611432670
557,Gimli,50.6336,-96.9907,23.0,80,100,12.66,1611432670
558,Itaituba,-4.2761,-55.9836,93.2,55,40,11.5,1611432670
559,Nizhnyaya Poyma,56.1622,97.1933,0.73,92,100,3.67,1611432671
560,Dauphin,51.1494,-100.0502,15.8,79,90,17.27,1611432671
561,Sucre,-19.0333,-65.2627,65.08,55,49,13.11,1611432671
562,Dunedin,-45.8742,170.5036,56.26,54,98,6.62,1611432671
563,Shakawe,-18.3667,21.85,71.91,78,100,2.01,1611432671
564,Kinablangan,7.6947,126.5503,76.68,82,100,4.7,1611432671
